index,mid,display_name,count
0,/m/06h7j,Run,3000
1,/m/03qtwd,Crowd,3000
2,/m/0bt9lr,Dog,3000
3,/m/01yrx,Cat,3000
4,/m/03k3r,Horse,3000
5,/m/015p6,Bird,3000
6,/m/03vt0,Insect,2825
7,/m/02k_mr,Drum roll,2838
8,/m/0y4f8,Vocal music,3000
9,/m/03m9d0z,Wind,3000
10,/m/06mb1,Rain,3000
11,/m/05kq4,Ocean,3000
12,/m/07jdr,Train,3000
13,/m/0199g,Bicycle,2838
14,/m/06_fw,Skateboard,2928
15,/m/02mk9,Engine,3000
16,/m/0_ksk,Power tool,3000
17,/m/0g6b5,Fireworks,2931
18,/m/07qlf79,Spray,2960
19,/m/06bz3,Radio,3000
